{

    "type": "origins:multiple",
    "name": "Driller",
    "description": "You do more damage and mine faster with pickaxes.",

    "pick_damage": {
            "type": "origins:conditioned_attribute",
            "modifier": {
                "attribute": "minecraft:generic.attack_damage",
                "operation": "addition",
                "value": 3,
                "name": "Increased pickaxe damage"
            },
            "tick_rate": 20,
            "condition": {
                "type": "origins:equipped_item",
                "equipment_slot": "mainhand",
                    "item_condition": {
                "type": "origins:ingredient",
                "ingredient": {
                    "tag": "minecraft:pickaxes"
                }
            }
        }
    },

    "mining": {
        "type": "origins:modify_break_speed",
        "modifier": {
            "operation": "multiply_base",
            "value": 0.3
        },
        "condition": {
    "type": "origins:equipped_item",
    "equipment_slot": "mainhand",
        "item_condition": {
    "type": "origins:ingredient",
    "ingredient": {
        "tag": "minecraft:pickaxes"
                }
            }
        }
    }

}