{
    "type": "origins:action_on_item_use",
    "name": "Steel Liver",
    "description": "You have a mighty liver. Potions have no effect on you, and they clear other effects.",
    "trigger": "finish",
    "entity_action": {
        "type": "origins:delay",
        "ticks": 1,
        "action": {
        "type": "origins:execute_command",
        "command": "effect clear @s"
        }
    },
    "item_condition": {
        "type": "origins:ingredient",
        "ingredient": {
            "item": "minecraft:potion"
    }
}
}