{
    "type": "origins:modify_damage_dealt",
    "name": "Glyphid Slammer",
    "description": "You are well versed in combat with arthropods.",
    "target_condition": {
           "type": "origins:or",
           "conditions": [
            {
                "type": "origins:entity_type",
                "entity_type": "minecraft:spider"
            },
            {
                "type": "origins:entity_type",
                "entity_type": "minecraft:cave_spider"
            }
        ]
    },
    "modifier": {
        "operation": "multiply_total",
        "value": 0.25
    }
}