{
    "type": "origins:action_on_block_break",
    "name": "We're Rich!",
    "description":"You gain experience when mining ore.",
    "entity_action": {
        "type": "origins:execute_command",
        "command": "experience add @s 2 points"
    },
    "condition": {
        "type": "origins:enchantment",
        "enchantment": "minecraft:silk_touch",
        "calculation": "max",
        "comparison": "==",
        "compare_to": 0
        },
    "block_condition": {
        "type": "origins:or",
        "conditions": [
            {
                "type": "origins:in_tag",
                "tag": "minecraft:coal_ores"
            },
            {    
                "type": "origins:in_tag",
                "tag": "minecraft:iron_ores"
            },
            {    
                "type": "origins:in_tag",
                "tag": "minecraft:copper_ores"
            },
            {    
                "type": "origins:in_tag",
                "tag": "minecraft:gold_ores"
            },
            {    
                "type": "origins:in_tag",
                "tag": "minecraft:diamond_ores"
            },
            {    
                "type": "origins:in_tag",
                "tag": "minecraft:emerald_ores"
            },
            {    
                "type": "origins:in_tag",
                "tag": "minecraft:lapis_ores"
            },
            {    
                "type": "origins:in_tag",
                "tag": "minecraft:redstone_ores"
            },
            {    
                "type": "origins:block",
                "block": "minecraft:nether_quartz_ore"
            }
        ]
    },
    "only_when_harvested": true
}