{
    "type": "origins:active_self",
    "name": "Rock and Stone",
    "description": "If you don't rock and stone, you ain't comin' home.",
    "entity_action": {
        "type": "origins:and",
        "actions": [
        {
            "type": "origins:execute_command",
            "command": "execute at @s as @a[distance=..10] run effect give @s minecraft:absorption 30 0"
        },
        {    
            "type": "origins:play_sound",
            "sound": "minecraft:entity.villager.celebrate",
            "pitch": 1.2
        }
    ]
},
    "cooldown": 2400,
    "hud_render": {
        "should_render": true,
        "sprite_location": "origins:textures/gui/community/spiderkolo/resource_bar_03.png",
		"bar_index": 13
    }
}