{
    "name": "Small",
    "description": "You are smaller than a human.",
    "type": "origins:action_on_callback",
    "entity_action_chosen": {
       "type": "origins:and",
       "actions": [
          {
             "type": "origins:execute_command",
             "command": "scale set pehkui:height 0.85 @s"
          },
          {
             "type": "origins:execute_command",
             "command": "scale set pehkui:width 0.9 @s"
          },
          {
             "type": "origins:execute_command",
             "command": "scale persist set true @s"
          }
       ]
    },
    "entity_action_lost": {
       "type": "origins:execute_command",
       "command": "scale reset @s"
    }
 }