{
    "type": "origins:conditioned_attribute",
    "name": "Tools for the Job",
    "description": "You deal a lot less damage with swords, axes, and tridents.",
    "modifier": {
        "attribute": "minecraft:generic.attack_damage",
        "operation": "addition",
        "value": -3,
        "name": "Decreased damage"
    },
    "tick_rate": 20,
    "condition": {
    "type": "origins:or",
    "conditions": [
        {
            "type": "origins:equipped_item",
            "equipment_slot": "mainhand",
                "item_condition": {
            "type": "origins:ingredient",
            "ingredient": {
                "tag": "minecraft:axes"
                }
            }
        },
        {
            "type": "origins:equipped_item",
            "equipment_slot": "mainhand",
                "item_condition": {
            "type": "origins:ingredient",
            "ingredient": {
                "tag": "minecraft:swords"
                }
            }
        },
        {
            "type": "origins:equipped_item",
            "equipment_slot": "mainhand",
                "item_condition": {
            "type": "origins:ingredient",
            "ingredient": {
                "item": "minecraft:trident"
                }
            }
        }
    ]   
    }
}