{
    "type": "origins:action_over_time",
    "name": "Veteran Depositor",
    "description": "You are sturdier near minecart railways.",
    "entity_action": {
        "type": "origins:apply_effect",
        "effect": {
            "effect": "minecraft:resistance",
            "duration": 60,
            "amplifier": 0,
            "show_particles": false
        }
    },
    "interval": 20,
"condition": {
    
    "type": "origins:block_in_radius",
    "block_condition": {
        "type": "origins:or",
        "conditions": [
        {
            "type": "origins:block",
            "block": "minecraft:rail"
        },
        {    
            "type": "origins:block",
            "block": "minecraft:powered_rail"
        }
        ,
        {    
            "type": "origins:block",
            "block": "minecraft:activator_rail"
        }
        ,
        {    
            "type": "origins:block",
            "block": "minecraft:detector_rail"
        }
    ]
    },
    "radius": 7,
    "shape": "cube",
    "comparison": ">=",
    "compare_to": 4
}
}