{
    "name": "§cAbused by Light§r",
    "description": "Being exposed to the sun will deal damage to you and deteriorate your vision.",
    "type": "origins:multiple",
    "l0": {
        "condition": {
            "type": "origins:exposed_to_sun"
        },
        "type": "origins:damage_over_time",
        "interval": 20,
        "damage": 1,
        "damage_source": {
            "name": "wither",
            "bypasses_armor": true,
            "unblockable": true
        },
        "protection_effectiveness": 1
    },
    "l1": {
        "condition": {
            "type": "origins:and",
            "conditions": [
                {
                    "type": "origins:daytime"
                },
                {
                    "type": "origins:exposed_to_sky"
                }
            ]
        },
        "type": "origins:shader",
        "shader": "minecraft:shaders/post/art.json"
    }
}