{
    "name": "§cSculk Zealousy§r",
    "description": "The sculk inhabiting your vessel will try to spread to your armor every now and again, deteriorating it.",
    "type": "origins:action_over_time",
    "interval": 40,
    "entity_action": {
        "type": "origins:choice",
        "actions": [
            {
                "weight": 10,
                "element": {
                    "type": "origins:chance",
                    "chance": 0.25,
                    "action": {
                        "type": "origins:equipped_item_action",
                        "equipment_slot": "head",
                        "action": {
                            "type": "origins:damage",
                            "amount": 1
                        }
                    }
                }
            },
            {
                "weight": 10,
                "element": {
                    "type": "origins:chance",
                    "chance": 0.25,
                    "action": {
                        "type": "origins:equipped_item_action",
                        "equipment_slot": "chest",
                        "action": {
                            "type": "origins:damage",
                            "amount": 1
                        }
                    }
                }
            },
            {
                "weight": 10,
                "element": {
                    "type": "origins:chance",
                    "chance": 0.25,
                    "action": {
                        "type": "origins:equipped_item_action",
                        "equipment_slot": "legs",
                        "action": {
                            "type": "origins:damage",
                            "amount": 1
                        }
                    }
                }
            },
            {
                "weight": 10,
                "element": {
                    "type": "origins:chance",
                    "chance": 0.25,
                    "action": {
                        "type": "origins:equipped_item_action",
                        "equipment_slot": "feet",
                        "action": {
                            "type": "origins:damage",
                            "amount": 1
                        }
                    }
                }
            }
        ]
    }
}
