{
    "name": "§aWarden's Curse§r",
    "description": "Upon making contact with a shrieker, you gain strength for 30 seconds.",
    "condition": {
        "type": "origins:block_in_radius",
        "block_condition": {
            "type": "origins:block",
            "block": "minecraft:sculk_shrieker"
        },
        "radius": 1,
        "shape": "cube",
        "comparison": ">=",
        "compare_to": 1
    },
    "type": "origins:action_over_time",
    "interval": 20,
    "entity_action": {
        "type": "origins:apply_effect",
        "effect": {
            "effect": "strength",
            "duration": 600,
            "amplifier": 0,
            "show_particles": false,
            "show_icon": true
        }
    }
}