{
    "name": "Sculkborn",
    "description": "You are a part of the sculk that somehow managed to gain sentience.",
    "powers": [
        "sculkborn:sonic_squeak",
        "sculkborn:spread_of_sculk",
        "sculkborn:sculks_pawn",
        "sculkborn:part_of_sculk",
        "sculkborn:home_sweet_home",
        "sculkborn:adopted_by_dark",
        "sculkborn:warding_flames",
        "sculkborn:wardens_curse",
        "sculkborn:an_ancient_home",
        "sculkborn:flaky_sculk",
        "sculkborn:sculk_symbiosis",
        "sculkborn:sculk_catalyst",
        "sculkborn:abused_by_light",
        "sculkborn:hunger_of_hive",
        "sculkborn:sculk_zealousy",
        "sculkborn:social_outcasts"
    ],
    "icon": {
        "item": "minecraft:sculk_sensor"
    },
    "impact": 3
}