{
    "name": "§aAdopted by the Dark§r",
    "description": "You are used to living in the dark, so you can see better in caves and at night.",
    "type": "origins:multiple",
    "darkness_immunity": {
        "type": "origins:effect_immunity",
        "effects": ["minecraft:darkness"]
    },
    "night_vision": {
        "type": "origins:night_vision"
    },
    "l1": {
        "condition": {
            "type": "origins:and",
            "conditions": [
                {
                    "type": "origins:exposed_to_sky",
                    "inverted": true
                }
            ]
        },
        "type": "origins:shader",
        "shader": "minecraft:shaders/post/sobel.json"
    },
    "overlay": {
        "type": "origins:overlay",
        "texture": "sculkborn:textures/misc/sculk_tendrils.png",
        "strength": 0.25,
        "red": 1.0,
        "green": 1.0,
        "blue": 1.0,
        "draw_mode": "texture",
        "draw_phase": "below_hud",
        "hide_with_hud": true,
        "visible_in_third_person": false
    }
}