{
    "name": "§eFlaky Sculk§r",
    "description": "The sculk inhabiting your vessel flakes off every now and again, releasing particles.",
    "type": "origins:multiple",
    "particle1": {
        "type": "origins:action_over_time",
        "interval": 20,
        "entity_action": {
            "type": "origins:spawn_particles",
            "particle": {
                "type": "minecraft:block",
                "params": "minecraft:sculk_vein"
            },
            "count": 4,
            "speed": 0.0001,
            "force": true,
            "spread": {
                "x": 1,
                "y": 0,
                "z": 1
            },
            "offset_y": 0.2
        }
    },
    "particle2": {
        "type": "origins:action_over_time",
        "interval": 35,
        "entity_action": {
            "type": "origins:spawn_particles",
            "particle": {
                "type": "minecraft:block",
                "params": "minecraft:sculk"
            },
            "count": 2,
            "speed": 0.0001,
            "force": true,
            "spread": {
                "x": 1,
                "y": 0,
                "z": 1
            },
            "offset_y": 0.2
        }
    },
    "particle3": {
        "type": "origins:action_over_time",
        "interval": 40,
        "entity_action": {
            "type": "origins:spawn_particles",
            "particle": {
                "type": "minecraft:block",
                "params": "minecraft:sculk_catalyst"
            },
            "count": 1,
            "speed": 0.0001,
            "force": true,
            "spread": {
                "x": 1,
                "y": 0,
                "z": 1
            },
            "offset_y": 0.2
        }
    },
    "particle4": {
        "type": "origins:action_over_time",
        "interval": 50,
        "entity_action": {
            "type": "origins:spawn_particles",
            "particle": {
                "type": "minecraft:block",
                "params": "minecraft:sculk_shrieker"
            },
            "count": 1,
            "speed": 0.0001,
            "force": true,
            "spread": {
                "x": 1,
                "y": 0,
                "z": 1
            },
            "offset_y": 0.2
        }
    },
    "particle5": {
        "type": "origins:action_over_time",
        "interval": 30,
        "entity_action": {
            "type": "origins:spawn_particles",
            "particle": {
                "type": "minecraft:block",
                "params": "minecraft:sculk_sensor"
            },
            "count": 1,
            "speed": 0.0001,
            "force": true,
            "spread": {
                "x": 1,
                "y": 0,
                "z": 1
            },
            "offset_y": 0.2
        }
    }
}
