{
    "name": "§aHome Sweet Home§r",
    "description": "You gain speed, 3 extra hearts, and fall damage immunity when standing on or in sculk-related blocks.",
    "type": "origins:multiple",
    "l0": {
        "condition": {
            "type": "origins:block_in_radius",
            "block_condition": {
                "type": "origins:in_tag",
                "tag": "sculkborn:sculk_blocks"
            },
            "radius": 2,
            "shape": "cube",
            "comparison": ">=",
            "compare_to": 1
        },
        "type": "origins:conditioned_attribute",
        "modifiers": [
            {
                "attribute": "minecraft:generic.movement_speed",
                "operation": "addition",
                "value": 0.04
            },
            {
                "attribute": "minecraft:generic.max_health",
                "operation": "addition",
                "value": 6
            }
        ],
        "tick_rate": 20,
        "update_health": true
    },
    "l1": {
        "condition": {
            "type": "origins:block_in_radius",
            "block_condition": {
                "type": "origins:in_tag",
                "tag": "sculkborn:sculk_blocks"
            },
            "radius": 2,
            "shape": "cube",
            "comparison": ">=",
            "compare_to": 1
        },
        "type": "origins:invulnerability",
        "damage_condition": {
            "type": "origins:from_falling"
        }
    }
}