{
    "name": "§cHunger of the Hive§r",
    "description": "You hunger very quickly, and the hungrier you get, the worse you feel. But the sculk won't allow you to starve.",
    "type": "origins:multiple",
    "l0": {
        "condition": {
            "type": "origins:food_level",
            "comparison": "<",
            "compare_to": 1
        },
        "type": "origins:action_over_time",
        "interval": 10,
        "entity_action": {
            "type": "origins:feed",
            "food": 1,
            "saturation": 1
        }
    },
    "l1": {
        "type": "origins:more_exhaustion"
    },
    "l2": {
        "condition": {
            "type": "origins:food_level",
            "comparison": "<",
            "compare_to": 5
        },
        "type": "origins:action_over_time",
        "interval": 20,
        "entity_action": {
            "type": "origins:apply_effect",
            "effect": {
                "effect": "minecraft:weakness",
                "duration": 60,
                "amplifier": 1,
                "show_particles": false,
                "show_icon": false
            }
        }
    },
    "l3": {
        "condition": {
            "type": "origins:food_level",
            "comparison": "<",
            "compare_to": 3
        },
        "type": "origins:action_over_time",
        "interval": 20,
        "entity_action": {
            "type": "origins:apply_effect",
            "effects": [
                {
                    "effect": "minecraft:slowness",
                    "duration": 60,
                    "amplifier": 3,
                    "show_particles": false,
                    "show_icon": false
                },
                {
                    "effect": "minecraft:mining_fatigue",
                    "duration": 60,
                    "amplifier": 0,
                    "show_particles": false,
                    "show_icon": false
                }
            ]
        }
    },
    "l4": {
        "condition": {
            "type": "origins:food_level",
            "comparison": "<",
            "compare_to": 2
        },
        "type": "origins:action_over_time",
        "interval": 20,
        "entity_action": {
            "type": "origins:apply_effect",
            "effect": {
                "effect": "minecraft:blindness",
                "duration": 60,
                "amplifier": 0,
                "show_particles": false,
                "show_icon": false
            }
        },
        "rising_action": {
            "type": "origins:apply_effect",
            "effect": {
                "effect": "minecraft:nausea",
                "duration": 1200,
                "amplifier": 0,
                "show_particles": false,
                "show_icon": false
            }
        }
    },
    "l5": {
        "type": "origins:conditioned_attribute",
        "modifier": {
            "attribute": "minecraft:generic.armor",
            "operation": "addition",
            "value": 20
        },
        "tick_rate": 20,
        "condition": {
            "type": "origins:food_level",
            "comparison": "<",
            "compare_to": 2
        }
    }
}
