{
    "name": "§eSculk Catalyst§r",
    "description": "You don't regenerate health naturally, but absorbing mobs nourishes you. Regular food just doesn't taste the same, after all.",
    "type": "origins:multiple",
    "l0": {
        "type": "origins:disable_regen"
    },
    "l1": {
        "type": "origins:self_action_on_kill",
        "entity_action": {
            "type": "origins:and",
            "actions": [
                {
                    "type": "origins:heal",
                    "amount": 2
                },
                {
                    "type": "origins:feed",
                    "food": 4,
                    "saturation": 8
                }
            ]
        },
        "cooldown": 1
    },
    "l2": {
        "type": "origins:modify_food",
        "food_modifier": {
            "operation": "multiply_total_multiplicative",
            "value": -0.5
        }
    }
}