{
    "name": "§eSculk Symbiosis§r",
    "description": "Your vessel is weaker, but the sculk protects you. It needs you, after all.",
    "type": "origins:multiple",
    "l1": {
        "type": "origins:attribute",
        "modifier": {
            "attribute": "minecraft:generic.max_health",
            "operation": "addition",
            "value": -10
        },
        "update_health": true
    },
    "l2": {
        "type": "origins:attribute",
        "modifier": {
            "attribute": "minecraft:generic.armor",
            "value": 6,
            "operation": "addition"
        }
    }
}