{
    "name": "§cHunger of the Hive§r",
    "description": "The sculk needs to eat more, and you do too. But it doesn't want player food, it wants to absorb mobs instead.",
    "type": "origins:multiple",
    "l0": {
        "type": "origins:more_exhaustion"
    },
    "l1": {
        "type": "origins:modify_food",
        "food_modifier": {
            "operation": "multiply_total_multiplicative",
            "value": -0.25
        }
    },
    "l2": {
        "type": "origins:self_action_on_kill",
        "entity_action": {
            "type": "origins:and",
            "actions": [
                {
                    "type": "origins:heal",
                    "amount": 1
                },
                {
                    "type": "origins:feed",
                    "food": 6,
                    "saturation": 0.25
                }
            ]
        },
        "cooldown": 1
    }
}