{
    "name": "§aSculk's Pawn§r",
    "description": "The sculk knows who you are, so you don't trip vibrations, and it leaves you alone... if you're cooperative.",
    "type": "origins:multiple",
    "l0": {
        "type": "origins:prevent_game_event",
        "tag": "sculkfragment:all_applicable"
    },
    "l1": {
        "type": "origins:action_on_callback",
        "entity_action_chosen": {
            "type": "origins:and",
            "actions": [
                {
                    "type": "origins:execute_command",
                    "command": "team add SculkHivemind"
                },
                {
                    "type": "origins:execute_command",
                    "command": "team join SculkHivemind @s"
                },
                {
                    "type": "origins:execute_command",
                    "command": "execute as @e[type=#sculkfragment:sculk_mobs] run team join SculkHivemind"
                }
            ]
        },
        "execute_chosen_when_orb": true,
        "entity_action_lost": {
            "type": "origins:execute_command",
            "command": "team leave @s"
        },
        "entity_action_respawned": {
            "type": "origins:and",
            "actions": [
                {
                    "type": "origins:execute_command",
                    "command": "team add SculkHivemind"
                },
                {
                    "type": "origins:execute_command",
                    "command": "team join SculkHivemind @s"
                },
                {
                    "type": "origins:execute_command",
                    "command": "execute as @e[type=#sculkfragment:sculk_mobs] run team join SculkHivemind"
                }
            ]
        }
    },
    "l2": {
        "type": "origins:action_over_time",
        "interval": 20,
        "entity_action": {
            "type": "origins:and",
            "actions": [
                {
                    "type": "origins:execute_command",
                    "command": "team add SculkHivemind"
                },
                {
                    "type": "origins:execute_command",
                    "command": "team join SculkHivemind @s"
                },
                {
                    "type": "origins:execute_command",
                    "command": "execute as @e[type=#sculkfragment:sculk_mobs] run team join SculkHivemind"
                }
            ]
        }
    },
    "l3": {
        "type": "origins:action_on_hit",
        "bientity_condition": {
            "type": "origins:target_condition",
            "condition": {
                "type": "origins:and",
                "conditions": [
                    {
                        "type": "origins:in_tag",
                        "tag": "sculkfragment:sculk_mobs"
                    }
                ]
            }
        },
        "bientity_action": {
            "type": "origins:actor_action",
            "action": {
                "type": "origins:damage",
                "amount": 1,
                "damage_type": "minecraft:wither"
            }
        }
    },
    "l4": {
        "type": "origins:action_on_hit",
        "bientity_condition": {
            "type": "origins:target_condition",
            "condition": {
                "type": "origins:and",
                "conditions": [
                    {
                        "type": "origins:in_tag",
                        "tag": "sculkfragment:sculk_mobs"
                    },
                    {
                        "type": "origins:health",
                        "comparison": "<=",
                        "compare_to": 0
                    }
                ]
            }
        },
        "bientity_action": {
            "type": "origins:actor_action",
            "action": {
                "type": "origins:damage",
                "amount": 999999,
                "damage_type": "minecraft:wither"
            }
        }
    }
}