{
    "name": "§a[Primary] Sonic Squeak§r",
    "description": "By expending yourself, you can unleash a weak sonic boom.",
    "condition": {
        "type": "origins:food_level",
        "comparison": ">",
        "compare_to": 2
    },
    "type": "origins:active_self",
    "entity_action": {
        "type": "origins:and",
        "actions": [
            {
                "type": "origins:raycast",
                "distance": 16,
                "block": false,
                "entity": true,
                "shape_type": "outline",
                "fluid_handling": "none",
                "bientity_action": {
                    "type": "origins:choice",
                    "actions": [
                        {
                            "weight": 1,
                            "element": {
                                "type": "origins:damage",
                                "amount": 6,
                                "source": {
                                    "name": "sonic_boom.player",
                                    "unblockable": true
                                }
                            }
                        },
                        {
                            "weight": 5,
                            "element": {
                                "type": "origins:damage",
                                "amount": 5,
                                "source": {
                                    "name": "sonic_boom.player",
                                    "unblockable": true
                                }
                            }
                        },
                        {
                            "weight": 1,
                            "element": {
                                "type": "origins:damage",
                                "amount": 4,
                                "source": {
                                    "name": "sonic_boom.player",
                                    "bypasses_armor": true,
                                    "unblockable": true
                                }
                            }
                        }
                    ]
                },
                "command_along_ray": "particle minecraft:sculk_charge_pop",
                "command_step": 1
            },
            {
                "type": "origins:feed",
                "food": -2,
                "saturation": -2
            },
            {
                "type": "origins:play_sound",
                "sound": "entity.warden.sonic_boom",
                "volume": 1,
                "pitch": 2
            }
        ]
    },
    "cooldown": 30,
    "hud_render": {
        "should_render": true,
        "sprite_location": "origins:textures/gui/community/spiderkolo/resource_bar_01.png",
        "bar_index": 12
    },
    "key": {
        "key": "key.origins.primary_active"
    }
}