{
    "name": "§a[Secondary] Spread of Sculk§r",
    "description": "By expending yourself, you can make sculk blocks.",
    "condition": {
        "type": "origins:food_level",
        "comparison": ">",
        "compare_to": 2
    },
    "type": "origins:active_self",
    "entity_action": {
        "type": "origins:and",
        "actions": [
            {
                "type": "origins:feed",
                "food": -2,
                "saturation": -2
            },
            {
                "type": "origins:choice",
                "actions": [
                    {
                        "weight": 125,
                        "element": {
                            "type": "origins:execute_command",
                            "command": "give @s sculk"
                        }
                    },
                    {
                        "weight": 50,
                        "element": {
                            "type": "origins:execute_command",
                            "command": "give @s sculk_sensor"
                        }
                    },
                    {
                        "weight": 25,
                        "element": {
                            "type": "origins:execute_command",
                            "command": "give @s sculk_catalyst"
                        }
                    },
                    {
                        "weight": 25,
                        "element": {
                            "type": "origins:execute_command",
                            "command": "give @s sculk_shrieker{BlockStateTag:{can_summon:'true'}}"
                        }
                    },
                    {
                        "weight": 25,
                        "element": {
                            "type": "origins:execute_command",
                            "command": "give @s sculk_vein"
                        }
                    }
                ]
            },
            {
                "type": "origins:play_sound",
                "sound": "block.sculk_catalyst.bloom",
                "volume": 1,
                "pitch": 1
            }
        ]
    },
    "key": {
        "key": "key.origins.secondary_active"
    }
}